data_da,data_a,realizzatore,realizzatore_grezzo,committente,partito,valore_grezzo,valore_normalizzato,base_grezza,colonne_risposta,domanda,fonte
29/07/2026,03/08/2026,Swg,SWG. S.p.A.,La7,FdI / Meloni,27.0,28.69,94.1,1,"Se dovesse votare oggi alle elezioni nazionali, a quale dei seguenti partiti darebbe il suo voto più probabilmente?",sondaggipoliticoelettorali.it
29/07/2026,03/08/2026,Swg,SWG. S.p.A.,La7,PD / Schlein,20.6,21.89,94.1,1,"Se dovesse votare oggi alle elezioni nazionali, a quale dei seguenti partiti darebbe il suo voto più probabilmente?",sondaggipoliticoelettorali.it
29/07/2026,03/08/2026,Swg,SWG. S.p.A.,La7,M5S / Conte,13.0,13.82,94.1,1,"Se dovesse votare oggi alle elezioni nazionali, a quale dei seguenti partiti darebbe il suo voto più probabilmente?",sondaggipoliticoelettorali.it
29/07/2026,03/08/2026,Swg,SWG. S.p.A.,La7,Forza Italia / Tajani,7.4,7.86,94.1,1,"Se dovesse votare oggi alle elezioni nazionali, a quale dei seguenti partiti darebbe il suo voto più probabilmente?",sondaggipoliticoelettorali.it
29/07/2026,03/08/2026,Swg,SWG. S.p.A.,La7,Futuro Nazionale / Vannacci,7.2,7.65,94.1,1,"Se dovesse votare oggi alle elezioni nazionali, a quale dei seguenti partiti darebbe il suo voto più probabilmente?",sondaggipoliticoelettorali.it
29/07/2026,03/08/2026,Swg,SWG. S.p.A.,La7,AVS / Fratoianni-Bonelli,6.5,6.91,94.1,1,"Se dovesse votare oggi alle elezioni nazionali, a quale dei seguenti partiti darebbe il suo voto più probabilmente?",sondaggipoliticoelettorali.it
29/07/2026,03/08/2026,Swg,SWG. S.p.A.,La7,Lega / Salvini,5.5,5.84,94.1,1,"Se dovesse votare oggi alle elezioni nazionali, a quale dei seguenti partiti darebbe il suo voto più probabilmente?",sondaggipoliticoelettorali.it
29/07/2026,03/08/2026,Swg,SWG. S.p.A.,La7,Azione / Calenda,3.3,3.51,94.1,1,"Se dovesse votare oggi alle elezioni nazionali, a quale dei seguenti partiti darebbe il suo voto più probabilmente?",sondaggipoliticoelettorali.it
29/07/2026,03/08/2026,Swg,SWG. S.p.A.,La7,Italia Viva / Renzi,2.4,2.55,94.1,1,"Se dovesse votare oggi alle elezioni nazionali, a quale dei seguenti partiti darebbe il suo voto più probabilmente?",sondaggipoliticoelettorali.it
29/07/2026,03/08/2026,Swg,SWG. S.p.A.,La7,+Europa,1.2,1.28,94.1,1,"Se dovesse votare oggi alle elezioni nazionali, a quale dei seguenti partiti darebbe il suo voto più probabilmente?",sondaggipoliticoelettorali.it
19/06/2026,21/06/2026,Noto Sondaggi,NOTO SONDAGGI,IL GIORNALE,FdI / Meloni,27.0,30.17,89.5,2,"Se domani si dovesse votare per le elezioni politiche, lei quale lista voterebbe?",sondaggipoliticoelettorali.it
19/06/2026,21/06/2026,Noto Sondaggi,NOTO SONDAGGI,IL GIORNALE,Forza Italia / Tajani,6.5,7.26,89.5,2,"Se domani si dovesse votare per le elezioni politiche, lei quale lista voterebbe?",sondaggipoliticoelettorali.it
19/06/2026,21/06/2026,Noto Sondaggi,NOTO SONDAGGI,IL GIORNALE,Lega / Salvini,6.0,6.7,89.5,2,"Se domani si dovesse votare per le elezioni politiche, lei quale lista voterebbe?",sondaggipoliticoelettorali.it
19/06/2026,21/06/2026,Noto Sondaggi,NOTO SONDAGGI,IL GIORNALE,Futuro Nazionale / Vannacci,4.0,4.47,89.5,2,"Se domani si dovesse votare per le elezioni politiche, lei quale lista voterebbe?",sondaggipoliticoelettorali.it
19/06/2026,21/06/2026,Noto Sondaggi,NOTO SONDAGGI,IL GIORNALE,PD / Schlein,20.0,22.35,89.5,2,"Se domani si dovesse votare per le elezioni politiche, lei quale lista voterebbe?",sondaggipoliticoelettorali.it
19/06/2026,21/06/2026,Noto Sondaggi,NOTO SONDAGGI,IL GIORNALE,M5S / Conte,13.0,14.53,89.5,2,"Se domani si dovesse votare per le elezioni politiche, lei quale lista voterebbe?",sondaggipoliticoelettorali.it
19/06/2026,21/06/2026,Noto Sondaggi,NOTO SONDAGGI,IL GIORNALE,AVS / Fratoianni-Bonelli,6.0,6.7,89.5,2,"Se domani si dovesse votare per le elezioni politiche, lei quale lista voterebbe?",sondaggipoliticoelettorali.it
19/06/2026,21/06/2026,Noto Sondaggi,NOTO SONDAGGI,IL GIORNALE,Italia Viva / Renzi,2.5,2.79,89.5,2,"Se domani si dovesse votare per le elezioni politiche, lei quale lista voterebbe?",sondaggipoliticoelettorali.it
19/06/2026,21/06/2026,Noto Sondaggi,NOTO SONDAGGI,IL GIORNALE,+Europa,1.0,1.12,89.5,2,"Se domani si dovesse votare per le elezioni politiche, lei quale lista voterebbe?",sondaggipoliticoelettorali.it
19/06/2026,21/06/2026,Noto Sondaggi,NOTO SONDAGGI,IL GIORNALE,Azione / Calenda,3.5,3.91,89.5,2,"Se domani si dovesse votare per le elezioni politiche, lei quale lista voterebbe?",sondaggipoliticoelettorali.it
22/07/2026,27/07/2026,Swg,SWG S.p.A.,La7,FdI / Meloni,27.0,28.6,94.4,1,"Se dovesse votare oggi alle elezioni nazionali, a quale dei seguenti partiti darebbe il suo voto più probabilmente?",sondaggipoliticoelettorali.it
22/07/2026,27/07/2026,Swg,SWG S.p.A.,La7,PD / Schlein,20.9,22.14,94.4,1,"Se dovesse votare oggi alle elezioni nazionali, a quale dei seguenti partiti darebbe il suo voto più probabilmente?",sondaggipoliticoelettorali.it
22/07/2026,27/07/2026,Swg,SWG S.p.A.,La7,M5S / Conte,12.9,13.67,94.4,1,"Se dovesse votare oggi alle elezioni nazionali, a quale dei seguenti partiti darebbe il suo voto più probabilmente?",sondaggipoliticoelettorali.it
22/07/2026,27/07/2026,Swg,SWG S.p.A.,La7,Forza Italia / Tajani,7.6,8.05,94.4,1,"Se dovesse votare oggi alle elezioni nazionali, a quale dei seguenti partiti darebbe il suo voto più probabilmente?",sondaggipoliticoelettorali.it
22/07/2026,27/07/2026,Swg,SWG S.p.A.,La7,Futuro Nazionale / Vannacci,6.9,7.31,94.4,1,"Se dovesse votare oggi alle elezioni nazionali, a quale dei seguenti partiti darebbe il suo voto più probabilmente?",sondaggipoliticoelettorali.it
22/07/2026,27/07/2026,Swg,SWG S.p.A.,La7,AVS / Fratoianni-Bonelli,6.5,6.89,94.4,1,"Se dovesse votare oggi alle elezioni nazionali, a quale dei seguenti partiti darebbe il suo voto più probabilmente?",sondaggipoliticoelettorali.it
22/07/2026,27/07/2026,Swg,SWG S.p.A.,La7,Lega / Salvini,5.7,6.04,94.4,1,"Se dovesse votare oggi alle elezioni nazionali, a quale dei seguenti partiti darebbe il suo voto più probabilmente?",sondaggipoliticoelettorali.it
22/07/2026,27/07/2026,Swg,SWG S.p.A.,La7,Azione / Calenda,3.4,3.6,94.4,1,"Se dovesse votare oggi alle elezioni nazionali, a quale dei seguenti partiti darebbe il suo voto più probabilmente?",sondaggipoliticoelettorali.it
22/07/2026,27/07/2026,Swg,SWG S.p.A.,La7,Italia Viva / Renzi,2.3,2.44,94.4,1,"Se dovesse votare oggi alle elezioni nazionali, a quale dei seguenti partiti darebbe il suo voto più probabilmente?",sondaggipoliticoelettorali.it
22/07/2026,27/07/2026,Swg,SWG S.p.A.,La7,+Europa,1.2,1.27,94.4,1,"Se dovesse votare oggi alle elezioni nazionali, a quale dei seguenti partiti darebbe il suo voto più probabilmente?",sondaggipoliticoelettorali.it
15/07/2026,20/07/2026,Swg,SWG S.p.A.,La7,FdI / Meloni,26.9,28.47,94.5,1,"Se dovesse votare oggi alle elezioni nazionali, a quale dei seguenti partiti darebbe il suo voto più probabilmente?",sondaggipoliticoelettorali.it
15/07/2026,20/07/2026,Swg,SWG S.p.A.,La7,PD / Schlein,21.1,22.33,94.5,1,"Se dovesse votare oggi alle elezioni nazionali, a quale dei seguenti partiti darebbe il suo voto più probabilmente?",sondaggipoliticoelettorali.it
15/07/2026,20/07/2026,Swg,SWG S.p.A.,La7,M5S / Conte,13.1,13.86,94.5,1,"Se dovesse votare oggi alle elezioni nazionali, a quale dei seguenti partiti darebbe il suo voto più probabilmente?",sondaggipoliticoelettorali.it
15/07/2026,20/07/2026,Swg,SWG S.p.A.,La7,Forza Italia / Tajani,7.7,8.15,94.5,1,"Se dovesse votare oggi alle elezioni nazionali, a quale dei seguenti partiti darebbe il suo voto più probabilmente?",sondaggipoliticoelettorali.it
15/07/2026,20/07/2026,Swg,SWG S.p.A.,La7,Futuro Nazionale / Vannacci,6.7,7.09,94.5,1,"Se dovesse votare oggi alle elezioni nazionali, a quale dei seguenti partiti darebbe il suo voto più probabilmente?",sondaggipoliticoelettorali.it
15/07/2026,20/07/2026,Swg,SWG S.p.A.,La7,AVS / Fratoianni-Bonelli,6.4,6.77,94.5,1,"Se dovesse votare oggi alle elezioni nazionali, a quale dei seguenti partiti darebbe il suo voto più probabilmente?",sondaggipoliticoelettorali.it
15/07/2026,20/07/2026,Swg,SWG S.p.A.,La7,Lega / Salvini,5.5,5.82,94.5,1,"Se dovesse votare oggi alle elezioni nazionali, a quale dei seguenti partiti darebbe il suo voto più probabilmente?",sondaggipoliticoelettorali.it
15/07/2026,20/07/2026,Swg,SWG S.p.A.,La7,Azione / Calenda,3.4,3.6,94.5,1,"Se dovesse votare oggi alle elezioni nazionali, a quale dei seguenti partiti darebbe il suo voto più probabilmente?",sondaggipoliticoelettorali.it
15/07/2026,20/07/2026,Swg,SWG S.p.A.,La7,Italia Viva / Renzi,2.5,2.65,94.5,1,"Se dovesse votare oggi alle elezioni nazionali, a quale dei seguenti partiti darebbe il suo voto più probabilmente?",sondaggipoliticoelettorali.it
15/07/2026,20/07/2026,Swg,SWG S.p.A.,La7,+Europa,1.2,1.27,94.5,1,"Se dovesse votare oggi alle elezioni nazionali, a quale dei seguenti partiti darebbe il suo voto più probabilmente?",sondaggipoliticoelettorali.it
08/07/2026,13/07/2026,Swg,SWG S.p.A.,La7,FdI / Meloni,27.2,28.78,94.5,1,"Se dovesse votare oggi alle elezioni nazionali, a quale dei seguenti partiti darebbe il suo voto più probabilmente?",sondaggipoliticoelettorali.it
08/07/2026,13/07/2026,Swg,SWG S.p.A.,La7,PD / Schlein,21.3,22.54,94.5,1,"Se dovesse votare oggi alle elezioni nazionali, a quale dei seguenti partiti darebbe il suo voto più probabilmente?",sondaggipoliticoelettorali.it
08/07/2026,13/07/2026,Swg,SWG S.p.A.,La7,M5S / Conte,12.9,13.65,94.5,1,"Se dovesse votare oggi alle elezioni nazionali, a quale dei seguenti partiti darebbe il suo voto più probabilmente?",sondaggipoliticoelettorali.it
08/07/2026,13/07/2026,Swg,SWG S.p.A.,La7,Forza Italia / Tajani,7.7,8.15,94.5,1,"Se dovesse votare oggi alle elezioni nazionali, a quale dei seguenti partiti darebbe il suo voto più probabilmente?",sondaggipoliticoelettorali.it
08/07/2026,13/07/2026,Swg,SWG S.p.A.,La7,AVS / Fratoianni-Bonelli,6.4,6.77,94.5,1,"Se dovesse votare oggi alle elezioni nazionali, a quale dei seguenti partiti darebbe il suo voto più probabilmente?",sondaggipoliticoelettorali.it
08/07/2026,13/07/2026,Swg,SWG S.p.A.,La7,Futuro Nazionale / Vannacci,6.3,6.67,94.5,1,"Se dovesse votare oggi alle elezioni nazionali, a quale dei seguenti partiti darebbe il suo voto più probabilmente?",sondaggipoliticoelettorali.it
08/07/2026,13/07/2026,Swg,SWG S.p.A.,La7,Lega / Salvini,5.4,5.71,94.5,1,"Se dovesse votare oggi alle elezioni nazionali, a quale dei seguenti partiti darebbe il suo voto più probabilmente?",sondaggipoliticoelettorali.it
08/07/2026,13/07/2026,Swg,SWG S.p.A.,La7,Azione / Calenda,3.5,3.7,94.5,1,"Se dovesse votare oggi alle elezioni nazionali, a quale dei seguenti partiti darebbe il suo voto più probabilmente?",sondaggipoliticoelettorali.it
08/07/2026,13/07/2026,Swg,SWG S.p.A.,La7,Italia Viva / Renzi,2.5,2.65,94.5,1,"Se dovesse votare oggi alle elezioni nazionali, a quale dei seguenti partiti darebbe il suo voto più probabilmente?",sondaggipoliticoelettorali.it
08/07/2026,13/07/2026,Swg,SWG S.p.A.,La7,+Europa,1.3,1.38,94.5,1,"Se dovesse votare oggi alle elezioni nazionali, a quale dei seguenti partiti darebbe il suo voto più probabilmente?",sondaggipoliticoelettorali.it
01/07/2026,06/07/2026,Swg,SWG S.p.A.,La7,FdI / Meloni,27.1,28.68,94.5,1,"Se dovesse votare oggi alle elezioni nazionali, a quale dei seguenti partiti darebbe il suo voto più probabilmente?",sondaggipoliticoelettorali.it
01/07/2026,06/07/2026,Swg,SWG S.p.A.,La7,PD / Schlein,21.5,22.75,94.5,1,"Se dovesse votare oggi alle elezioni nazionali, a quale dei seguenti partiti darebbe il suo voto più probabilmente?",sondaggipoliticoelettorali.it
01/07/2026,06/07/2026,Swg,SWG S.p.A.,La7,M5S / Conte,13.1,13.86,94.5,1,"Se dovesse votare oggi alle elezioni nazionali, a quale dei seguenti partiti darebbe il suo voto più probabilmente?",sondaggipoliticoelettorali.it
01/07/2026,06/07/2026,Swg,SWG S.p.A.,La7,Forza Italia / Tajani,7.4,7.83,94.5,1,"Se dovesse votare oggi alle elezioni nazionali, a quale dei seguenti partiti darebbe il suo voto più probabilmente?",sondaggipoliticoelettorali.it
01/07/2026,06/07/2026,Swg,SWG S.p.A.,La7,AVS / Fratoianni-Bonelli,6.5,6.88,94.5,1,"Se dovesse votare oggi alle elezioni nazionali, a quale dei seguenti partiti darebbe il suo voto più probabilmente?",sondaggipoliticoelettorali.it
01/07/2026,06/07/2026,Swg,SWG S.p.A.,La7,Futuro Nazionale / Vannacci,6.0,6.35,94.5,1,"Se dovesse votare oggi alle elezioni nazionali, a quale dei seguenti partiti darebbe il suo voto più probabilmente?",sondaggipoliticoelettorali.it
01/07/2026,06/07/2026,Swg,SWG S.p.A.,La7,Lega / Salvini,5.6,5.93,94.5,1,"Se dovesse votare oggi alle elezioni nazionali, a quale dei seguenti partiti darebbe il suo voto più probabilmente?",sondaggipoliticoelettorali.it
01/07/2026,06/07/2026,Swg,SWG S.p.A.,La7,Azione / Calenda,3.4,3.6,94.5,1,"Se dovesse votare oggi alle elezioni nazionali, a quale dei seguenti partiti darebbe il suo voto più probabilmente?",sondaggipoliticoelettorali.it
01/07/2026,06/07/2026,Swg,SWG S.p.A.,La7,Italia Viva / Renzi,2.5,2.65,94.5,1,"Se dovesse votare oggi alle elezioni nazionali, a quale dei seguenti partiti darebbe il suo voto più probabilmente?",sondaggipoliticoelettorali.it
01/07/2026,06/07/2026,Swg,SWG S.p.A.,La7,+Europa,1.4,1.48,94.5,1,"Se dovesse votare oggi alle elezioni nazionali, a quale dei seguenti partiti darebbe il suo voto più probabilmente?",sondaggipoliticoelettorali.it
24/06/2026,29/06/2026,Swg,SWG S.p.A.,La7,FdI / Meloni,27.3,28.92,94.4,1,"Se dovesse votare oggi alle elezioni nazionali, a quale dei seguenti partiti darebbe il suo voto più probabilmente?",sondaggipoliticoelettorali.it
24/06/2026,29/06/2026,Swg,SWG S.p.A.,La7,PD / Schlein,21.8,23.09,94.4,1,"Se dovesse votare oggi alle elezioni nazionali, a quale dei seguenti partiti darebbe il suo voto più probabilmente?",sondaggipoliticoelettorali.it
24/06/2026,29/06/2026,Swg,SWG S.p.A.,La7,M5S / Conte,13.3,14.09,94.4,1,"Se dovesse votare oggi alle elezioni nazionali, a quale dei seguenti partiti darebbe il suo voto più probabilmente?",sondaggipoliticoelettorali.it
24/06/2026,29/06/2026,Swg,SWG S.p.A.,La7,Forza Italia / Tajani,7.2,7.63,94.4,1,"Se dovesse votare oggi alle elezioni nazionali, a quale dei seguenti partiti darebbe il suo voto più probabilmente?",sondaggipoliticoelettorali.it
24/06/2026,29/06/2026,Swg,SWG S.p.A.,La7,AVS / Fratoianni-Bonelli,6.4,6.78,94.4,1,"Se dovesse votare oggi alle elezioni nazionali, a quale dei seguenti partiti darebbe il suo voto più probabilmente?",sondaggipoliticoelettorali.it
24/06/2026,29/06/2026,Swg,SWG S.p.A.,La7,Futuro Nazionale / Vannacci,5.6,5.93,94.4,1,"Se dovesse votare oggi alle elezioni nazionali, a quale dei seguenti partiti darebbe il suo voto più probabilmente?",sondaggipoliticoelettorali.it
24/06/2026,29/06/2026,Swg,SWG S.p.A.,La7,Lega / Salvini,5.4,5.72,94.4,1,"Se dovesse votare oggi alle elezioni nazionali, a quale dei seguenti partiti darebbe il suo voto più probabilmente?",sondaggipoliticoelettorali.it
24/06/2026,29/06/2026,Swg,SWG S.p.A.,La7,Azione / Calenda,3.5,3.71,94.4,1,"Se dovesse votare oggi alle elezioni nazionali, a quale dei seguenti partiti darebbe il suo voto più probabilmente?",sondaggipoliticoelettorali.it
24/06/2026,29/06/2026,Swg,SWG S.p.A.,La7,Italia Viva / Renzi,2.4,2.54,94.4,1,"Se dovesse votare oggi alle elezioni nazionali, a quale dei seguenti partiti darebbe il suo voto più probabilmente?",sondaggipoliticoelettorali.it
24/06/2026,29/06/2026,Swg,SWG S.p.A.,La7,+Europa,1.5,1.59,94.4,1,"Se dovesse votare oggi alle elezioni nazionali, a quale dei seguenti partiti darebbe il suo voto più probabilmente?",sondaggipoliticoelettorali.it
17/06/2026,22/06/2026,Swg,SWG S.p.A.,La7,FdI / Meloni,27.7,29.1,95.2,1,"Se dovesse votare oggi alle elezioni nazionali, a quale dei seguenti partiti darebbe il suo voto più probabilmente?",sondaggipoliticoelettorali.it
17/06/2026,22/06/2026,Swg,SWG S.p.A.,La7,PD / Schlein,21.8,22.9,95.2,1,"Se dovesse votare oggi alle elezioni nazionali, a quale dei seguenti partiti darebbe il suo voto più probabilmente?",sondaggipoliticoelettorali.it
17/06/2026,22/06/2026,Swg,SWG S.p.A.,La7,M5S / Conte,13.2,13.87,95.2,1,"Se dovesse votare oggi alle elezioni nazionali, a quale dei seguenti partiti darebbe il suo voto più probabilmente?",sondaggipoliticoelettorali.it
17/06/2026,22/06/2026,Swg,SWG S.p.A.,La7,Forza Italia / Tajani,7.4,7.77,95.2,1,"Se dovesse votare oggi alle elezioni nazionali, a quale dei seguenti partiti darebbe il suo voto più probabilmente?",sondaggipoliticoelettorali.it
17/06/2026,22/06/2026,Swg,SWG S.p.A.,La7,AVS / Fratoianni-Bonelli,6.6,6.93,95.2,1,"Se dovesse votare oggi alle elezioni nazionali, a quale dei seguenti partiti darebbe il suo voto più probabilmente?",sondaggipoliticoelettorali.it
17/06/2026,22/06/2026,Swg,SWG S.p.A.,La7,Lega / Salvini,5.4,5.67,95.2,1,"Se dovesse votare oggi alle elezioni nazionali, a quale dei seguenti partiti darebbe il suo voto più probabilmente?",sondaggipoliticoelettorali.it
17/06/2026,22/06/2026,Swg,SWG S.p.A.,La7,Futuro Nazionale / Vannacci,5.3,5.57,95.2,1,"Se dovesse votare oggi alle elezioni nazionali, a quale dei seguenti partiti darebbe il suo voto più probabilmente?",sondaggipoliticoelettorali.it
17/06/2026,22/06/2026,Swg,SWG S.p.A.,La7,Azione / Calenda,3.7,3.89,95.2,1,"Se dovesse votare oggi alle elezioni nazionali, a quale dei seguenti partiti darebbe il suo voto più probabilmente?",sondaggipoliticoelettorali.it
17/06/2026,22/06/2026,Swg,SWG S.p.A.,La7,Italia Viva / Renzi,2.5,2.63,95.2,1,"Se dovesse votare oggi alle elezioni nazionali, a quale dei seguenti partiti darebbe il suo voto più probabilmente?",sondaggipoliticoelettorali.it
17/06/2026,22/06/2026,Swg,SWG S.p.A.,La7,+Europa,1.6,1.68,95.2,1,"Se dovesse votare oggi alle elezioni nazionali, a quale dei seguenti partiti darebbe il suo voto più probabilmente?",sondaggipoliticoelettorali.it
10/06/2026,15/06/2026,Swg,SWG S.p.A.,La7,FdI / Meloni,27.9,29.34,95.1,1,"Se dovesse votare oggi alle elezioni nazionali, a quale dei seguenti partiti darebbe il suo voto più probabilmente?",sondaggipoliticoelettorali.it
10/06/2026,15/06/2026,Swg,SWG S.p.A.,La7,PD / Schlein,22.1,23.24,95.1,1,"Se dovesse votare oggi alle elezioni nazionali, a quale dei seguenti partiti darebbe il suo voto più probabilmente?",sondaggipoliticoelettorali.it
10/06/2026,15/06/2026,Swg,SWG S.p.A.,La7,M5S / Conte,13.3,13.99,95.1,1,"Se dovesse votare oggi alle elezioni nazionali, a quale dei seguenti partiti darebbe il suo voto più probabilmente?",sondaggipoliticoelettorali.it
10/06/2026,15/06/2026,Swg,SWG S.p.A.,La7,Forza Italia / Tajani,7.2,7.57,95.1,1,"Se dovesse votare oggi alle elezioni nazionali, a quale dei seguenti partiti darebbe il suo voto più probabilmente?",sondaggipoliticoelettorali.it
10/06/2026,15/06/2026,Swg,SWG S.p.A.,La7,AVS / Fratoianni-Bonelli,6.5,6.83,95.1,1,"Se dovesse votare oggi alle elezioni nazionali, a quale dei seguenti partiti darebbe il suo voto più probabilmente?",sondaggipoliticoelettorali.it
10/06/2026,15/06/2026,Swg,SWG S.p.A.,La7,Lega / Salvini,5.3,5.57,95.1,1,"Se dovesse votare oggi alle elezioni nazionali, a quale dei seguenti partiti darebbe il suo voto più probabilmente?",sondaggipoliticoelettorali.it
10/06/2026,15/06/2026,Swg,SWG S.p.A.,La7,Futuro Nazionale / Vannacci,5.3,5.57,95.1,1,"Se dovesse votare oggi alle elezioni nazionali, a quale dei seguenti partiti darebbe il suo voto più probabilmente?",sondaggipoliticoelettorali.it
10/06/2026,15/06/2026,Swg,SWG S.p.A.,La7,Azione / Calenda,3.5,3.68,95.1,1,"Se dovesse votare oggi alle elezioni nazionali, a quale dei seguenti partiti darebbe il suo voto più probabilmente?",sondaggipoliticoelettorali.it
10/06/2026,15/06/2026,Swg,SWG S.p.A.,La7,Italia Viva / Renzi,2.4,2.52,95.1,1,"Se dovesse votare oggi alle elezioni nazionali, a quale dei seguenti partiti darebbe il suo voto più probabilmente?",sondaggipoliticoelettorali.it
10/06/2026,15/06/2026,Swg,SWG S.p.A.,La7,+Europa,1.6,1.68,95.1,1,"Se dovesse votare oggi alle elezioni nazionali, a quale dei seguenti partiti darebbe il suo voto più probabilmente?",sondaggipoliticoelettorali.it
08/06/2026,09/06/2026,Only Numbers,Only Numbers,RTI-Reti Televisive Italiane S.p.A.,FdI / Meloni,28.0,29.5,94.9,1,INTENZIONI DI VOTO,sondaggipoliticoelettorali.it
08/06/2026,09/06/2026,Only Numbers,Only Numbers,RTI-Reti Televisive Italiane S.p.A.,PD / Schlein,21.8,22.97,94.9,1,INTENZIONI DI VOTO,sondaggipoliticoelettorali.it
08/06/2026,09/06/2026,Only Numbers,Only Numbers,RTI-Reti Televisive Italiane S.p.A.,M5S / Conte,11.7,12.33,94.9,1,INTENZIONI DI VOTO,sondaggipoliticoelettorali.it
08/06/2026,09/06/2026,Only Numbers,Only Numbers,RTI-Reti Televisive Italiane S.p.A.,Forza Italia / Tajani,8.3,8.75,94.9,1,INTENZIONI DI VOTO,sondaggipoliticoelettorali.it
08/06/2026,09/06/2026,Only Numbers,Only Numbers,RTI-Reti Televisive Italiane S.p.A.,Lega / Salvini,7.0,7.38,94.9,1,INTENZIONI DI VOTO,sondaggipoliticoelettorali.it
08/06/2026,09/06/2026,Only Numbers,Only Numbers,RTI-Reti Televisive Italiane S.p.A.,AVS / Fratoianni-Bonelli,6.5,6.85,94.9,1,INTENZIONI DI VOTO,sondaggipoliticoelettorali.it
08/06/2026,09/06/2026,Only Numbers,Only Numbers,RTI-Reti Televisive Italiane S.p.A.,Futuro Nazionale / Vannacci,4.5,4.74,94.9,1,INTENZIONI DI VOTO,sondaggipoliticoelettorali.it
08/06/2026,09/06/2026,Only Numbers,Only Numbers,RTI-Reti Televisive Italiane S.p.A.,Azione / Calenda,3.0,3.16,94.9,1,INTENZIONI DI VOTO,sondaggipoliticoelettorali.it
08/06/2026,09/06/2026,Only Numbers,Only Numbers,RTI-Reti Televisive Italiane S.p.A.,Italia Viva / Renzi,2.7,2.85,94.9,1,INTENZIONI DI VOTO,sondaggipoliticoelettorali.it
08/06/2026,09/06/2026,Only Numbers,Only Numbers,RTI-Reti Televisive Italiane S.p.A.,+Europa,1.4,1.48,94.9,1,INTENZIONI DI VOTO,sondaggipoliticoelettorali.it
03/06/2026,08/06/2026,Swg,SWG S.p.A.,La7,FdI / Meloni,28.3,29.85,94.8,1,"Se dovesse votare oggi alle elezioni nazionali, a quale dei seguenti partiti darebbe il suo voto più probabilmente?",sondaggipoliticoelettorali.it
03/06/2026,08/06/2026,Swg,SWG S.p.A.,La7,PD / Schlein,22.0,23.21,94.8,1,"Se dovesse votare oggi alle elezioni nazionali, a quale dei seguenti partiti darebbe il suo voto più probabilmente?",sondaggipoliticoelettorali.it
03/06/2026,08/06/2026,Swg,SWG S.p.A.,La7,M5S / Conte,13.1,13.82,94.8,1,"Se dovesse votare oggi alle elezioni nazionali, a quale dei seguenti partiti darebbe il suo voto più probabilmente?",sondaggipoliticoelettorali.it
03/06/2026,08/06/2026,Swg,SWG S.p.A.,La7,Forza Italia / Tajani,7.0,7.38,94.8,1,"Se dovesse votare oggi alle elezioni nazionali, a quale dei seguenti partiti darebbe il suo voto più probabilmente?",sondaggipoliticoelettorali.it
03/06/2026,08/06/2026,Swg,SWG S.p.A.,La7,AVS / Fratoianni-Bonelli,6.5,6.86,94.8,1,"Se dovesse votare oggi alle elezioni nazionali, a quale dei seguenti partiti darebbe il suo voto più probabilmente?",sondaggipoliticoelettorali.it
03/06/2026,08/06/2026,Swg,SWG S.p.A.,La7,Lega / Salvini,5.6,5.91,94.8,1,"Se dovesse votare oggi alle elezioni nazionali, a quale dei seguenti partiti darebbe il suo voto più probabilmente?",sondaggipoliticoelettorali.it
03/06/2026,08/06/2026,Swg,SWG S.p.A.,La7,Futuro Nazionale / Vannacci,4.8,5.06,94.8,1,"Se dovesse votare oggi alle elezioni nazionali, a quale dei seguenti partiti darebbe il suo voto più probabilmente?",sondaggipoliticoelettorali.it
03/06/2026,08/06/2026,Swg,SWG S.p.A.,La7,Azione / Calenda,3.6,3.8,94.8,1,"Se dovesse votare oggi alle elezioni nazionali, a quale dei seguenti partiti darebbe il suo voto più probabilmente?",sondaggipoliticoelettorali.it
03/06/2026,08/06/2026,Swg,SWG S.p.A.,La7,Italia Viva / Renzi,2.4,2.53,94.8,1,"Se dovesse votare oggi alle elezioni nazionali, a quale dei seguenti partiti darebbe il suo voto più probabilmente?",sondaggipoliticoelettorali.it
03/06/2026,08/06/2026,Swg,SWG S.p.A.,La7,+Europa,1.5,1.58,94.8,1,"Se dovesse votare oggi alle elezioni nazionali, a quale dei seguenti partiti darebbe il suo voto più probabilmente?",sondaggipoliticoelettorali.it
28/05/2026,29/05/2026,Tecné,tecné srl,rti,FdI / Meloni,29.4,32.63,90.1,1,"se si votasse oggi per le politiche 
dichiarano il voto 55,7% - astensione e incerti 44,3% 
(rispondenti = 100%)",sondaggipoliticoelettorali.it
28/05/2026,29/05/2026,Tecné,tecné srl,rti,Forza Italia / Tajani,8.8,9.77,90.1,1,"se si votasse oggi per le politiche 
dichiarano il voto 55,7% - astensione e incerti 44,3% 
(rispondenti = 100%)",sondaggipoliticoelettorali.it
28/05/2026,29/05/2026,Tecné,tecné srl,rti,Lega / Salvini,7.1,7.88,90.1,1,"se si votasse oggi per le politiche 
dichiarano il voto 55,7% - astensione e incerti 44,3% 
(rispondenti = 100%)",sondaggipoliticoelettorali.it
28/05/2026,29/05/2026,Tecné,tecné srl,rti,PD / Schlein,22.0,24.42,90.1,1,"se si votasse oggi per le politiche 
dichiarano il voto 55,7% - astensione e incerti 44,3% 
(rispondenti = 100%)",sondaggipoliticoelettorali.it
28/05/2026,29/05/2026,Tecné,tecné srl,rti,M5S / Conte,12.5,13.87,90.1,1,"se si votasse oggi per le politiche 
dichiarano il voto 55,7% - astensione e incerti 44,3% 
(rispondenti = 100%)",sondaggipoliticoelettorali.it
28/05/2026,29/05/2026,Tecné,tecné srl,rti,Italia Viva / Renzi,2.4,2.66,90.1,1,"se si votasse oggi per le politiche 
dichiarano il voto 55,7% - astensione e incerti 44,3% 
(rispondenti = 100%)",sondaggipoliticoelettorali.it
28/05/2026,29/05/2026,Tecné,tecné srl,rti,+Europa,1.5,1.66,90.1,1,"se si votasse oggi per le politiche 
dichiarano il voto 55,7% - astensione e incerti 44,3% 
(rispondenti = 100%)",sondaggipoliticoelettorali.it
28/05/2026,29/05/2026,Tecné,tecné srl,rti,Futuro Nazionale / Vannacci,3.6,4.0,90.1,1,"se si votasse oggi per le politiche 
dichiarano il voto 55,7% - astensione e incerti 44,3% 
(rispondenti = 100%)",sondaggipoliticoelettorali.it
28/05/2026,29/05/2026,Tecné,tecné srl,rti,Azione / Calenda,2.8,3.11,90.1,1,"se si votasse oggi per le politiche 
dichiarano il voto 55,7% - astensione e incerti 44,3% 
(rispondenti = 100%)",sondaggipoliticoelettorali.it
27/05/2026,01/06/2026,Swg,SWG S.p.A.,La7,FdI / Meloni,28.2,29.68,95.0,1,"Se dovesse votare oggi alle elezioni nazionali, a quale dei seguenti partiti darebbe il suo voto più probabilmente?",sondaggipoliticoelettorali.it
27/05/2026,01/06/2026,Swg,SWG S.p.A.,La7,PD / Schlein,22.3,23.47,95.0,1,"Se dovesse votare oggi alle elezioni nazionali, a quale dei seguenti partiti darebbe il suo voto più probabilmente?",sondaggipoliticoelettorali.it
27/05/2026,01/06/2026,Swg,SWG S.p.A.,La7,M5S / Conte,13.0,13.68,95.0,1,"Se dovesse votare oggi alle elezioni nazionali, a quale dei seguenti partiti darebbe il suo voto più probabilmente?",sondaggipoliticoelettorali.it
27/05/2026,01/06/2026,Swg,SWG S.p.A.,La7,Forza Italia / Tajani,7.2,7.58,95.0,1,"Se dovesse votare oggi alle elezioni nazionali, a quale dei seguenti partiti darebbe il suo voto più probabilmente?",sondaggipoliticoelettorali.it
27/05/2026,01/06/2026,Swg,SWG S.p.A.,La7,AVS / Fratoianni-Bonelli,6.7,7.05,95.0,1,"Se dovesse votare oggi alle elezioni nazionali, a quale dei seguenti partiti darebbe il suo voto più probabilmente?",sondaggipoliticoelettorali.it
27/05/2026,01/06/2026,Swg,SWG S.p.A.,La7,Lega / Salvini,5.8,6.11,95.0,1,"Se dovesse votare oggi alle elezioni nazionali, a quale dei seguenti partiti darebbe il suo voto più probabilmente?",sondaggipoliticoelettorali.it
27/05/2026,01/06/2026,Swg,SWG S.p.A.,La7,Futuro Nazionale / Vannacci,4.6,4.84,95.0,1,"Se dovesse votare oggi alle elezioni nazionali, a quale dei seguenti partiti darebbe il suo voto più probabilmente?",sondaggipoliticoelettorali.it
27/05/2026,01/06/2026,Swg,SWG S.p.A.,La7,Azione / Calenda,3.4,3.58,95.0,1,"Se dovesse votare oggi alle elezioni nazionali, a quale dei seguenti partiti darebbe il suo voto più probabilmente?",sondaggipoliticoelettorali.it
27/05/2026,01/06/2026,Swg,SWG S.p.A.,La7,Italia Viva / Renzi,2.4,2.53,95.0,1,"Se dovesse votare oggi alle elezioni nazionali, a quale dei seguenti partiti darebbe il suo voto più probabilmente?",sondaggipoliticoelettorali.it
27/05/2026,01/06/2026,Swg,SWG S.p.A.,La7,+Europa,1.4,1.47,95.0,1,"Se dovesse votare oggi alle elezioni nazionali, a quale dei seguenti partiti darebbe il suo voto più probabilmente?",sondaggipoliticoelettorali.it
20/05/2026,25/05/2026,Swg,SWG S.p.A.,La7,FdI / Meloni,28.1,29.58,95.0,1,"Se dovesse votare oggi alle elezioni nazionali, a quale dei seguenti partiti darebbe il suo voto più probabilmente?",sondaggipoliticoelettorali.it
20/05/2026,25/05/2026,Swg,SWG S.p.A.,La7,PD / Schlein,22.5,23.68,95.0,1,"Se dovesse votare oggi alle elezioni nazionali, a quale dei seguenti partiti darebbe il suo voto più probabilmente?",sondaggipoliticoelettorali.it
20/05/2026,25/05/2026,Swg,SWG S.p.A.,La7,M5S / Conte,12.7,13.37,95.0,1,"Se dovesse votare oggi alle elezioni nazionali, a quale dei seguenti partiti darebbe il suo voto più probabilmente?",sondaggipoliticoelettorali.it
20/05/2026,25/05/2026,Swg,SWG S.p.A.,La7,Forza Italia / Tajani,7.4,7.79,95.0,1,"Se dovesse votare oggi alle elezioni nazionali, a quale dei seguenti partiti darebbe il suo voto più probabilmente?",sondaggipoliticoelettorali.it
20/05/2026,25/05/2026,Swg,SWG S.p.A.,La7,AVS / Fratoianni-Bonelli,6.6,6.95,95.0,1,"Se dovesse votare oggi alle elezioni nazionali, a quale dei seguenti partiti darebbe il suo voto più probabilmente?",sondaggipoliticoelettorali.it
20/05/2026,25/05/2026,Swg,SWG S.p.A.,La7,Lega / Salvini,6.0,6.32,95.0,1,"Se dovesse votare oggi alle elezioni nazionali, a quale dei seguenti partiti darebbe il suo voto più probabilmente?",sondaggipoliticoelettorali.it
20/05/2026,25/05/2026,Swg,SWG S.p.A.,La7,Futuro Nazionale / Vannacci,4.3,4.53,95.0,1,"Se dovesse votare oggi alle elezioni nazionali, a quale dei seguenti partiti darebbe il suo voto più probabilmente?",sondaggipoliticoelettorali.it
20/05/2026,25/05/2026,Swg,SWG S.p.A.,La7,Azione / Calenda,3.5,3.68,95.0,1,"Se dovesse votare oggi alle elezioni nazionali, a quale dei seguenti partiti darebbe il suo voto più probabilmente?",sondaggipoliticoelettorali.it
20/05/2026,25/05/2026,Swg,SWG S.p.A.,La7,Italia Viva / Renzi,2.5,2.63,95.0,1,"Se dovesse votare oggi alle elezioni nazionali, a quale dei seguenti partiti darebbe il suo voto più probabilmente?",sondaggipoliticoelettorali.it
20/05/2026,25/05/2026,Swg,SWG S.p.A.,La7,+Europa,1.4,1.47,95.0,1,"Se dovesse votare oggi alle elezioni nazionali, a quale dei seguenti partiti darebbe il suo voto più probabilmente?",sondaggipoliticoelettorali.it
13/05/2026,18/05/2026,Swg,SWG S.p.A.,La7,FdI / Meloni,28.5,30.03,94.9,1,"Se dovesse votare oggi alle elezioni nazionali, a quale dei seguenti partiti darebbe il suo voto più probabilmente?",sondaggipoliticoelettorali.it
13/05/2026,18/05/2026,Swg,SWG S.p.A.,La7,PD / Schlein,22.2,23.39,94.9,1,"Se dovesse votare oggi alle elezioni nazionali, a quale dei seguenti partiti darebbe il suo voto più probabilmente?",sondaggipoliticoelettorali.it
13/05/2026,18/05/2026,Swg,SWG S.p.A.,La7,M5S / Conte,12.5,13.17,94.9,1,"Se dovesse votare oggi alle elezioni nazionali, a quale dei seguenti partiti darebbe il suo voto più probabilmente?",sondaggipoliticoelettorali.it
13/05/2026,18/05/2026,Swg,SWG S.p.A.,La7,Forza Italia / Tajani,7.6,8.01,94.9,1,"Se dovesse votare oggi alle elezioni nazionali, a quale dei seguenti partiti darebbe il suo voto più probabilmente?",sondaggipoliticoelettorali.it
13/05/2026,18/05/2026,Swg,SWG S.p.A.,La7,AVS / Fratoianni-Bonelli,6.7,7.06,94.9,1,"Se dovesse votare oggi alle elezioni nazionali, a quale dei seguenti partiti darebbe il suo voto più probabilmente?",sondaggipoliticoelettorali.it
13/05/2026,18/05/2026,Swg,SWG S.p.A.,La7,Lega / Salvini,6.0,6.32,94.9,1,"Se dovesse votare oggi alle elezioni nazionali, a quale dei seguenti partiti darebbe il suo voto più probabilmente?",sondaggipoliticoelettorali.it
13/05/2026,18/05/2026,Swg,SWG S.p.A.,La7,Futuro Nazionale / Vannacci,4.1,4.32,94.9,1,"Se dovesse votare oggi alle elezioni nazionali, a quale dei seguenti partiti darebbe il suo voto più probabilmente?",sondaggipoliticoelettorali.it
13/05/2026,18/05/2026,Swg,SWG S.p.A.,La7,Azione / Calenda,3.5,3.69,94.9,1,"Se dovesse votare oggi alle elezioni nazionali, a quale dei seguenti partiti darebbe il suo voto più probabilmente?",sondaggipoliticoelettorali.it
13/05/2026,18/05/2026,Swg,SWG S.p.A.,La7,Italia Viva / Renzi,2.4,2.53,94.9,1,"Se dovesse votare oggi alle elezioni nazionali, a quale dei seguenti partiti darebbe il suo voto più probabilmente?",sondaggipoliticoelettorali.it
13/05/2026,18/05/2026,Swg,SWG S.p.A.,La7,+Europa,1.4,1.48,94.9,1,"Se dovesse votare oggi alle elezioni nazionali, a quale dei seguenti partiti darebbe il suo voto più probabilmente?",sondaggipoliticoelettorali.it
06/05/2026,11/05/2026,Swg,SWG S.p.A.,La7,FdI / Meloni,28.8,30.35,94.9,1,"Se dovesse votare oggi alle elezioni nazionali, a quale dei seguenti partiti darebbe il suo voto più probabilmente?",sondaggipoliticoelettorali.it
06/05/2026,11/05/2026,Swg,SWG S.p.A.,La7,PD / Schlein,22.0,23.18,94.9,1,"Se dovesse votare oggi alle elezioni nazionali, a quale dei seguenti partiti darebbe il suo voto più probabilmente?",sondaggipoliticoelettorali.it
06/05/2026,11/05/2026,Swg,SWG S.p.A.,La7,M5S / Conte,12.2,12.86,94.9,1,"Se dovesse votare oggi alle elezioni nazionali, a quale dei seguenti partiti darebbe il suo voto più probabilmente?",sondaggipoliticoelettorali.it
06/05/2026,11/05/2026,Swg,SWG S.p.A.,La7,Forza Italia / Tajani,7.5,7.9,94.9,1,"Se dovesse votare oggi alle elezioni nazionali, a quale dei seguenti partiti darebbe il suo voto più probabilmente?",sondaggipoliticoelettorali.it
06/05/2026,11/05/2026,Swg,SWG S.p.A.,La7,AVS / Fratoianni-Bonelli,6.8,7.17,94.9,1,"Se dovesse votare oggi alle elezioni nazionali, a quale dei seguenti partiti darebbe il suo voto più probabilmente?",sondaggipoliticoelettorali.it
06/05/2026,11/05/2026,Swg,SWG S.p.A.,La7,Lega / Salvini,6.2,6.53,94.9,1,"Se dovesse votare oggi alle elezioni nazionali, a quale dei seguenti partiti darebbe il suo voto più probabilmente?",sondaggipoliticoelettorali.it
06/05/2026,11/05/2026,Swg,SWG S.p.A.,La7,Futuro Nazionale / Vannacci,3.9,4.11,94.9,1,"Se dovesse votare oggi alle elezioni nazionali, a quale dei seguenti partiti darebbe il suo voto più probabilmente?",sondaggipoliticoelettorali.it
06/05/2026,11/05/2026,Swg,SWG S.p.A.,La7,Azione / Calenda,3.4,3.58,94.9,1,"Se dovesse votare oggi alle elezioni nazionali, a quale dei seguenti partiti darebbe il suo voto più probabilmente?",sondaggipoliticoelettorali.it
06/05/2026,11/05/2026,Swg,SWG S.p.A.,La7,Italia Viva / Renzi,2.6,2.74,94.9,1,"Se dovesse votare oggi alle elezioni nazionali, a quale dei seguenti partiti darebbe il suo voto più probabilmente?",sondaggipoliticoelettorali.it
06/05/2026,11/05/2026,Swg,SWG S.p.A.,La7,+Europa,1.5,1.58,94.9,1,"Se dovesse votare oggi alle elezioni nazionali, a quale dei seguenti partiti darebbe il suo voto più probabilmente?",sondaggipoliticoelettorali.it
28/04/2026,04/05/2026,Swg,SWG S.p.A.,La7,FdI / Meloni,28.8,30.41,94.7,1,"Se dovesse votare oggi alle elezioni nazionali, a quale dei seguenti partiti darebbe il suo voto più probabilmente?",sondaggipoliticoelettorali.it
28/04/2026,04/05/2026,Swg,SWG S.p.A.,La7,PD / Schlein,21.8,23.02,94.7,1,"Se dovesse votare oggi alle elezioni nazionali, a quale dei seguenti partiti darebbe il suo voto più probabilmente?",sondaggipoliticoelettorali.it
28/04/2026,04/05/2026,Swg,SWG S.p.A.,La7,M5S / Conte,12.4,13.09,94.7,1,"Se dovesse votare oggi alle elezioni nazionali, a quale dei seguenti partiti darebbe il suo voto più probabilmente?",sondaggipoliticoelettorali.it
28/04/2026,04/05/2026,Swg,SWG S.p.A.,La7,Forza Italia / Tajani,7.5,7.92,94.7,1,"Se dovesse votare oggi alle elezioni nazionali, a quale dei seguenti partiti darebbe il suo voto più probabilmente?",sondaggipoliticoelettorali.it
28/04/2026,04/05/2026,Swg,SWG S.p.A.,La7,AVS / Fratoianni-Bonelli,6.9,7.29,94.7,1,"Se dovesse votare oggi alle elezioni nazionali, a quale dei seguenti partiti darebbe il suo voto più probabilmente?",sondaggipoliticoelettorali.it
28/04/2026,04/05/2026,Swg,SWG S.p.A.,La7,Lega / Salvini,6.1,6.44,94.7,1,"Se dovesse votare oggi alle elezioni nazionali, a quale dei seguenti partiti darebbe il suo voto più probabilmente?",sondaggipoliticoelettorali.it
28/04/2026,04/05/2026,Swg,SWG S.p.A.,La7,Futuro Nazionale / Vannacci,3.6,3.8,94.7,1,"Se dovesse votare oggi alle elezioni nazionali, a quale dei seguenti partiti darebbe il suo voto più probabilmente?",sondaggipoliticoelettorali.it
28/04/2026,04/05/2026,Swg,SWG S.p.A.,La7,Azione / Calenda,3.5,3.7,94.7,1,"Se dovesse votare oggi alle elezioni nazionali, a quale dei seguenti partiti darebbe il suo voto più probabilmente?",sondaggipoliticoelettorali.it
28/04/2026,04/05/2026,Swg,SWG S.p.A.,La7,Italia Viva / Renzi,2.5,2.64,94.7,1,"Se dovesse votare oggi alle elezioni nazionali, a quale dei seguenti partiti darebbe il suo voto più probabilmente?",sondaggipoliticoelettorali.it
28/04/2026,04/05/2026,Swg,SWG S.p.A.,La7,+Europa,1.6,1.69,94.7,1,"Se dovesse votare oggi alle elezioni nazionali, a quale dei seguenti partiti darebbe il suo voto più probabilmente?",sondaggipoliticoelettorali.it
27/04/2026,28/04/2026,Only Numbers,Only Numbers,RTI-Reti Televisive Italiane S.p.A.,FdI / Meloni,28.2,28.89,97.6,1,"Se questa domenica ci fossero le elezioni politiche, Lei per quale partito
voterebbe?",sondaggipoliticoelettorali.it
27/04/2026,28/04/2026,Only Numbers,Only Numbers,RTI-Reti Televisive Italiane S.p.A.,Forza Italia / Tajani,8.7,8.91,97.6,1,"Se questa domenica ci fossero le elezioni politiche, Lei per quale partito
voterebbe?",sondaggipoliticoelettorali.it
27/04/2026,28/04/2026,Only Numbers,Only Numbers,RTI-Reti Televisive Italiane S.p.A.,Lega / Salvini,8.5,8.71,97.6,1,"Se questa domenica ci fossero le elezioni politiche, Lei per quale partito
voterebbe?",sondaggipoliticoelettorali.it
27/04/2026,28/04/2026,Only Numbers,Only Numbers,RTI-Reti Televisive Italiane S.p.A.,PD / Schlein,23.1,23.67,97.6,1,"Se questa domenica ci fossero le elezioni politiche, Lei per quale partito
voterebbe?",sondaggipoliticoelettorali.it
27/04/2026,28/04/2026,Only Numbers,Only Numbers,RTI-Reti Televisive Italiane S.p.A.,M5S / Conte,11.8,12.09,97.6,1,"Se questa domenica ci fossero le elezioni politiche, Lei per quale partito
voterebbe?",sondaggipoliticoelettorali.it
27/04/2026,28/04/2026,Only Numbers,Only Numbers,RTI-Reti Televisive Italiane S.p.A.,AVS / Fratoianni-Bonelli,6.8,6.97,97.6,1,"Se questa domenica ci fossero le elezioni politiche, Lei per quale partito
voterebbe?",sondaggipoliticoelettorali.it
27/04/2026,28/04/2026,Only Numbers,Only Numbers,RTI-Reti Televisive Italiane S.p.A.,Italia Viva / Renzi,2.6,2.66,97.6,1,"Se questa domenica ci fossero le elezioni politiche, Lei per quale partito
voterebbe?",sondaggipoliticoelettorali.it
27/04/2026,28/04/2026,Only Numbers,Only Numbers,RTI-Reti Televisive Italiane S.p.A.,+Europa,1.5,1.54,97.6,1,"Se questa domenica ci fossero le elezioni politiche, Lei per quale partito
voterebbe?",sondaggipoliticoelettorali.it
27/04/2026,28/04/2026,Only Numbers,Only Numbers,RTI-Reti Televisive Italiane S.p.A.,Futuro Nazionale / Vannacci,3.3,3.38,97.6,1,"Se questa domenica ci fossero le elezioni politiche, Lei per quale partito
voterebbe?",sondaggipoliticoelettorali.it
27/04/2026,28/04/2026,Only Numbers,Only Numbers,RTI-Reti Televisive Italiane S.p.A.,Azione / Calenda,3.1,3.18,97.6,1,"Se questa domenica ci fossero le elezioni politiche, Lei per quale partito
voterebbe?",sondaggipoliticoelettorali.it
22/04/2026,27/04/2026,Swg,SWG S.p.A.,La7,FdI / Meloni,29.1,30.76,94.6,1,"Se dovesse votare oggi alle elezioni nazionali, a quale dei seguenti partiti darebbe il suo voto più probabilmente?",sondaggipoliticoelettorali.it
22/04/2026,27/04/2026,Swg,SWG S.p.A.,La7,PD / Schlein,21.6,22.83,94.6,1,"Se dovesse votare oggi alle elezioni nazionali, a quale dei seguenti partiti darebbe il suo voto più probabilmente?",sondaggipoliticoelettorali.it
22/04/2026,27/04/2026,Swg,SWG S.p.A.,La7,M5S / Conte,12.5,13.21,94.6,1,"Se dovesse votare oggi alle elezioni nazionali, a quale dei seguenti partiti darebbe il suo voto più probabilmente?",sondaggipoliticoelettorali.it
22/04/2026,27/04/2026,Swg,SWG S.p.A.,La7,Forza Italia / Tajani,7.7,8.14,94.6,1,"Se dovesse votare oggi alle elezioni nazionali, a quale dei seguenti partiti darebbe il suo voto più probabilmente?",sondaggipoliticoelettorali.it
22/04/2026,27/04/2026,Swg,SWG S.p.A.,La7,AVS / Fratoianni-Bonelli,6.7,7.08,94.6,1,"Se dovesse votare oggi alle elezioni nazionali, a quale dei seguenti partiti darebbe il suo voto più probabilmente?",sondaggipoliticoelettorali.it
22/04/2026,27/04/2026,Swg,SWG S.p.A.,La7,Lega / Salvini,6.2,6.55,94.6,1,"Se dovesse votare oggi alle elezioni nazionali, a quale dei seguenti partiti darebbe il suo voto più probabilmente?",sondaggipoliticoelettorali.it
22/04/2026,27/04/2026,Swg,SWG S.p.A.,La7,Futuro Nazionale / Vannacci,3.6,3.81,94.6,1,"Se dovesse votare oggi alle elezioni nazionali, a quale dei seguenti partiti darebbe il suo voto più probabilmente?",sondaggipoliticoelettorali.it
22/04/2026,27/04/2026,Swg,SWG S.p.A.,La7,Azione / Calenda,3.4,3.59,94.6,1,"Se dovesse votare oggi alle elezioni nazionali, a quale dei seguenti partiti darebbe il suo voto più probabilmente?",sondaggipoliticoelettorali.it
22/04/2026,27/04/2026,Swg,SWG S.p.A.,La7,Italia Viva / Renzi,2.3,2.43,94.6,1,"Se dovesse votare oggi alle elezioni nazionali, a quale dei seguenti partiti darebbe il suo voto più probabilmente?",sondaggipoliticoelettorali.it
22/04/2026,27/04/2026,Swg,SWG S.p.A.,La7,+Europa,1.5,1.59,94.6,1,"Se dovesse votare oggi alle elezioni nazionali, a quale dei seguenti partiti darebbe il suo voto più probabilmente?",sondaggipoliticoelettorali.it
13/04/2026,15/04/2026,Istituto Piepoli,Istituto Piepoli,Istituto Piepoli,FdI / Meloni,29.0,32.77,88.5,1,INTENZIONI DI VOTO,sondaggipoliticoelettorali.it
13/04/2026,15/04/2026,Istituto Piepoli,Istituto Piepoli,Istituto Piepoli,Lega / Salvini,6.5,7.34,88.5,1,INTENZIONI DI VOTO,sondaggipoliticoelettorali.it
13/04/2026,15/04/2026,Istituto Piepoli,Istituto Piepoli,Istituto Piepoli,Forza Italia / Tajani,8.5,9.6,88.5,1,INTENZIONI DI VOTO,sondaggipoliticoelettorali.it
13/04/2026,15/04/2026,Istituto Piepoli,Istituto Piepoli,Istituto Piepoli,PD / Schlein,22.0,24.86,88.5,1,INTENZIONI DI VOTO,sondaggipoliticoelettorali.it
13/04/2026,15/04/2026,Istituto Piepoli,Istituto Piepoli,Istituto Piepoli,+Europa,1.0,1.13,88.5,1,INTENZIONI DI VOTO,sondaggipoliticoelettorali.it
13/04/2026,15/04/2026,Istituto Piepoli,Istituto Piepoli,Istituto Piepoli,M5S / Conte,13.5,15.25,88.5,1,INTENZIONI DI VOTO,sondaggipoliticoelettorali.it
13/04/2026,15/04/2026,Istituto Piepoli,Istituto Piepoli,Istituto Piepoli,Italia Viva / Renzi,2.5,2.82,88.5,1,INTENZIONI DI VOTO,sondaggipoliticoelettorali.it
13/04/2026,15/04/2026,Istituto Piepoli,Istituto Piepoli,Istituto Piepoli,Azione / Calenda,2.5,2.82,88.5,1,INTENZIONI DI VOTO,sondaggipoliticoelettorali.it
13/04/2026,15/04/2026,Istituto Piepoli,Istituto Piepoli,Istituto Piepoli,Futuro Nazionale / Vannacci,3.0,3.39,88.5,1,INTENZIONI DI VOTO,sondaggipoliticoelettorali.it
15/04/2026,20/04/2026,Swg,SWG S.p.A.,La7,FdI / Meloni,29.3,30.87,94.9,1,"Se dovesse votare oggi alle elezioni nazionali, a quale dei seguenti partiti darebbe il suo voto più probabilmente?",sondaggipoliticoelettorali.it
15/04/2026,20/04/2026,Swg,SWG S.p.A.,La7,PD / Schlein,21.6,22.76,94.9,1,"Se dovesse votare oggi alle elezioni nazionali, a quale dei seguenti partiti darebbe il suo voto più probabilmente?",sondaggipoliticoelettorali.it
15/04/2026,20/04/2026,Swg,SWG S.p.A.,La7,M5S / Conte,12.4,13.07,94.9,1,"Se dovesse votare oggi alle elezioni nazionali, a quale dei seguenti partiti darebbe il suo voto più probabilmente?",sondaggipoliticoelettorali.it
15/04/2026,20/04/2026,Swg,SWG S.p.A.,La7,Forza Italia / Tajani,7.8,8.22,94.9,1,"Se dovesse votare oggi alle elezioni nazionali, a quale dei seguenti partiti darebbe il suo voto più probabilmente?",sondaggipoliticoelettorali.it
15/04/2026,20/04/2026,Swg,SWG S.p.A.,La7,AVS / Fratoianni-Bonelli,6.7,7.06,94.9,1,"Se dovesse votare oggi alle elezioni nazionali, a quale dei seguenti partiti darebbe il suo voto più probabilmente?",sondaggipoliticoelettorali.it
15/04/2026,20/04/2026,Swg,SWG S.p.A.,La7,Lega / Salvini,6.5,6.85,94.9,1,"Se dovesse votare oggi alle elezioni nazionali, a quale dei seguenti partiti darebbe il suo voto più probabilmente?",sondaggipoliticoelettorali.it
15/04/2026,20/04/2026,Swg,SWG S.p.A.,La7,Futuro Nazionale / Vannacci,3.4,3.58,94.9,1,"Se dovesse votare oggi alle elezioni nazionali, a quale dei seguenti partiti darebbe il suo voto più probabilmente?",sondaggipoliticoelettorali.it
15/04/2026,20/04/2026,Swg,SWG S.p.A.,La7,Azione / Calenda,3.3,3.48,94.9,1,"Se dovesse votare oggi alle elezioni nazionali, a quale dei seguenti partiti darebbe il suo voto più probabilmente?",sondaggipoliticoelettorali.it
15/04/2026,20/04/2026,Swg,SWG S.p.A.,La7,Italia Viva / Renzi,2.4,2.53,94.9,1,"Se dovesse votare oggi alle elezioni nazionali, a quale dei seguenti partiti darebbe il suo voto più probabilmente?",sondaggipoliticoelettorali.it
15/04/2026,20/04/2026,Swg,SWG S.p.A.,La7,+Europa,1.5,1.58,94.9,1,"Se dovesse votare oggi alle elezioni nazionali, a quale dei seguenti partiti darebbe il suo voto più probabilmente?",sondaggipoliticoelettorali.it
08/04/2026,13/04/2026,Swg,SWG S.p.A.,La7,FdI / Meloni,29.3,30.84,95.0,1,"Se dovesse votare oggi alle elezioni nazionali, a quale dei seguenti partiti darebbe il suo voto più probabilmente?",sondaggipoliticoelettorali.it
08/04/2026,13/04/2026,Swg,SWG S.p.A.,La7,PD / Schlein,21.9,23.05,95.0,1,"Se dovesse votare oggi alle elezioni nazionali, a quale dei seguenti partiti darebbe il suo voto più probabilmente?",sondaggipoliticoelettorali.it
08/04/2026,13/04/2026,Swg,SWG S.p.A.,La7,M5S / Conte,12.2,12.84,95.0,1,"Se dovesse votare oggi alle elezioni nazionali, a quale dei seguenti partiti darebbe il suo voto più probabilmente?",sondaggipoliticoelettorali.it
08/04/2026,13/04/2026,Swg,SWG S.p.A.,La7,Forza Italia / Tajani,7.7,8.11,95.0,1,"Se dovesse votare oggi alle elezioni nazionali, a quale dei seguenti partiti darebbe il suo voto più probabilmente?",sondaggipoliticoelettorali.it
08/04/2026,13/04/2026,Swg,SWG S.p.A.,La7,AVS / Fratoianni-Bonelli,6.6,6.95,95.0,1,"Se dovesse votare oggi alle elezioni nazionali, a quale dei seguenti partiti darebbe il suo voto più probabilmente?",sondaggipoliticoelettorali.it
08/04/2026,13/04/2026,Swg,SWG S.p.A.,La7,Lega / Salvini,6.3,6.63,95.0,1,"Se dovesse votare oggi alle elezioni nazionali, a quale dei seguenti partiti darebbe il suo voto più probabilmente?",sondaggipoliticoelettorali.it
08/04/2026,13/04/2026,Swg,SWG S.p.A.,La7,Azione / Calenda,3.5,3.68,95.0,1,"Se dovesse votare oggi alle elezioni nazionali, a quale dei seguenti partiti darebbe il suo voto più probabilmente?",sondaggipoliticoelettorali.it
08/04/2026,13/04/2026,Swg,SWG S.p.A.,La7,Futuro Nazionale / Vannacci,3.5,3.68,95.0,1,"Se dovesse votare oggi alle elezioni nazionali, a quale dei seguenti partiti darebbe il suo voto più probabilmente?",sondaggipoliticoelettorali.it
08/04/2026,13/04/2026,Swg,SWG S.p.A.,La7,Italia Viva / Renzi,2.4,2.53,95.0,1,"Se dovesse votare oggi alle elezioni nazionali, a quale dei seguenti partiti darebbe il suo voto più probabilmente?",sondaggipoliticoelettorali.it
08/04/2026,13/04/2026,Swg,SWG S.p.A.,La7,+Europa,1.6,1.68,95.0,1,"Se dovesse votare oggi alle elezioni nazionali, a quale dei seguenti partiti darebbe il suo voto più probabilmente?",sondaggipoliticoelettorali.it
25/03/2026,30/03/2026,Swg,SWG S.p.A.,La7,FdI / Meloni,29.5,30.95,95.3,1,"Se dovesse votare oggi alle elezioni nazionali, a quale dei seguenti partiti darebbe il suo voto più probabilmente?",sondaggipoliticoelettorali.it
25/03/2026,30/03/2026,Swg,SWG S.p.A.,La7,PD / Schlein,22.0,23.08,95.3,1,"Se dovesse votare oggi alle elezioni nazionali, a quale dei seguenti partiti darebbe il suo voto più probabilmente?",sondaggipoliticoelettorali.it
25/03/2026,30/03/2026,Swg,SWG S.p.A.,La7,M5S / Conte,12.3,12.91,95.3,1,"Se dovesse votare oggi alle elezioni nazionali, a quale dei seguenti partiti darebbe il suo voto più probabilmente?",sondaggipoliticoelettorali.it
25/03/2026,30/03/2026,Swg,SWG S.p.A.,La7,Forza Italia / Tajani,7.9,8.29,95.3,1,"Se dovesse votare oggi alle elezioni nazionali, a quale dei seguenti partiti darebbe il suo voto più probabilmente?",sondaggipoliticoelettorali.it
25/03/2026,30/03/2026,Swg,SWG S.p.A.,La7,Lega / Salvini,6.6,6.93,95.3,1,"Se dovesse votare oggi alle elezioni nazionali, a quale dei seguenti partiti darebbe il suo voto più probabilmente?",sondaggipoliticoelettorali.it
25/03/2026,30/03/2026,Swg,SWG S.p.A.,La7,AVS / Fratoianni-Bonelli,6.6,6.93,95.3,1,"Se dovesse votare oggi alle elezioni nazionali, a quale dei seguenti partiti darebbe il suo voto più probabilmente?",sondaggipoliticoelettorali.it
25/03/2026,30/03/2026,Swg,SWG S.p.A.,La7,Azione / Calenda,3.4,3.57,95.3,1,"Se dovesse votare oggi alle elezioni nazionali, a quale dei seguenti partiti darebbe il suo voto più probabilmente?",sondaggipoliticoelettorali.it
25/03/2026,30/03/2026,Swg,SWG S.p.A.,La7,Futuro Nazionale / Vannacci,3.3,3.46,95.3,1,"Se dovesse votare oggi alle elezioni nazionali, a quale dei seguenti partiti darebbe il suo voto più probabilmente?",sondaggipoliticoelettorali.it
25/03/2026,30/03/2026,Swg,SWG S.p.A.,La7,Italia Viva / Renzi,2.3,2.41,95.3,1,"Se dovesse votare oggi alle elezioni nazionali, a quale dei seguenti partiti darebbe il suo voto più probabilmente?",sondaggipoliticoelettorali.it
25/03/2026,30/03/2026,Swg,SWG S.p.A.,La7,+Europa,1.4,1.47,95.3,1,"Se dovesse votare oggi alle elezioni nazionali, a quale dei seguenti partiti darebbe il suo voto più probabilmente?",sondaggipoliticoelettorali.it
26/03/2026,26/03/2026,Only Numbers,Only Numbers,Osservatorio Politico ON,FdI / Meloni,27.8,29.17,95.3,1,intenzioni di voto,sondaggipoliticoelettorali.it
26/03/2026,26/03/2026,Only Numbers,Only Numbers,Osservatorio Politico ON,Forza Italia / Tajani,8.8,9.23,95.3,1,intenzioni di voto,sondaggipoliticoelettorali.it
26/03/2026,26/03/2026,Only Numbers,Only Numbers,Osservatorio Politico ON,Lega / Salvini,8.1,8.5,95.3,1,intenzioni di voto,sondaggipoliticoelettorali.it
26/03/2026,26/03/2026,Only Numbers,Only Numbers,Osservatorio Politico ON,PD / Schlein,21.9,22.98,95.3,1,intenzioni di voto,sondaggipoliticoelettorali.it
26/03/2026,26/03/2026,Only Numbers,Only Numbers,Osservatorio Politico ON,M5S / Conte,12.1,12.7,95.3,1,intenzioni di voto,sondaggipoliticoelettorali.it
26/03/2026,26/03/2026,Only Numbers,Only Numbers,Osservatorio Politico ON,AVS / Fratoianni-Bonelli,6.4,6.72,95.3,1,intenzioni di voto,sondaggipoliticoelettorali.it
26/03/2026,26/03/2026,Only Numbers,Only Numbers,Osservatorio Politico ON,Italia Viva / Renzi,2.6,2.73,95.3,1,intenzioni di voto,sondaggipoliticoelettorali.it
26/03/2026,26/03/2026,Only Numbers,Only Numbers,Osservatorio Politico ON,+Europa,1.3,1.36,95.3,1,intenzioni di voto,sondaggipoliticoelettorali.it
26/03/2026,26/03/2026,Only Numbers,Only Numbers,Osservatorio Politico ON,Azione / Calenda,3.2,3.36,95.3,1,intenzioni di voto,sondaggipoliticoelettorali.it
26/03/2026,26/03/2026,Only Numbers,Only Numbers,Osservatorio Politico ON,Futuro Nazionale / Vannacci,3.1,3.25,95.3,1,intenzioni di voto,sondaggipoliticoelettorali.it
18/03/2026,23/03/2026,Swg,SWG S.p.A.,La7,FdI / Meloni,29.5,31.05,95.0,1,"Se dovesse votare oggi alle elezioni nazionali, a quale dei seguenti partiti darebbe il suo voto più probabilmente?",sondaggipoliticoelettorali.it
18/03/2026,23/03/2026,Swg,SWG S.p.A.,La7,PD / Schlein,21.5,22.63,95.0,1,"Se dovesse votare oggi alle elezioni nazionali, a quale dei seguenti partiti darebbe il suo voto più probabilmente?",sondaggipoliticoelettorali.it
18/03/2026,23/03/2026,Swg,SWG S.p.A.,La7,M5S / Conte,12.2,12.84,95.0,1,"Se dovesse votare oggi alle elezioni nazionali, a quale dei seguenti partiti darebbe il suo voto più probabilmente?",sondaggipoliticoelettorali.it
18/03/2026,23/03/2026,Swg,SWG S.p.A.,La7,Forza Italia / Tajani,7.8,8.21,95.0,1,"Se dovesse votare oggi alle elezioni nazionali, a quale dei seguenti partiti darebbe il suo voto più probabilmente?",sondaggipoliticoelettorali.it
18/03/2026,23/03/2026,Swg,SWG S.p.A.,La7,Lega / Salvini,6.8,7.16,95.0,1,"Se dovesse votare oggi alle elezioni nazionali, a quale dei seguenti partiti darebbe il suo voto più probabilmente?",sondaggipoliticoelettorali.it
18/03/2026,23/03/2026,Swg,SWG S.p.A.,La7,AVS / Fratoianni-Bonelli,6.6,6.95,95.0,1,"Se dovesse votare oggi alle elezioni nazionali, a quale dei seguenti partiti darebbe il suo voto più probabilmente?",sondaggipoliticoelettorali.it
18/03/2026,23/03/2026,Swg,SWG S.p.A.,La7,Azione / Calenda,3.4,3.58,95.0,1,"Se dovesse votare oggi alle elezioni nazionali, a quale dei seguenti partiti darebbe il suo voto più probabilmente?",sondaggipoliticoelettorali.it
18/03/2026,23/03/2026,Swg,SWG S.p.A.,La7,Futuro Nazionale / Vannacci,3.3,3.47,95.0,1,"Se dovesse votare oggi alle elezioni nazionali, a quale dei seguenti partiti darebbe il suo voto più probabilmente?",sondaggipoliticoelettorali.it
18/03/2026,23/03/2026,Swg,SWG S.p.A.,La7,Italia Viva / Renzi,2.5,2.63,95.0,1,"Se dovesse votare oggi alle elezioni nazionali, a quale dei seguenti partiti darebbe il suo voto più probabilmente?",sondaggipoliticoelettorali.it
18/03/2026,23/03/2026,Swg,SWG S.p.A.,La7,+Europa,1.4,1.47,95.0,1,"Se dovesse votare oggi alle elezioni nazionali, a quale dei seguenti partiti darebbe il suo voto più probabilmente?",sondaggipoliticoelettorali.it
11/03/2026,16/03/2026,Swg,SWG S.p.A.,La7,FdI / Meloni,29.4,30.82,95.4,1,"Se dovesse votare oggi alle elezioni nazionali, a quale dei seguenti partiti darebbe il suo voto più probabilmente?",sondaggipoliticoelettorali.it
11/03/2026,16/03/2026,Swg,SWG S.p.A.,La7,PD / Schlein,21.7,22.75,95.4,1,"Se dovesse votare oggi alle elezioni nazionali, a quale dei seguenti partiti darebbe il suo voto più probabilmente?",sondaggipoliticoelettorali.it
11/03/2026,16/03/2026,Swg,SWG S.p.A.,La7,M5S / Conte,12.3,12.89,95.4,1,"Se dovesse votare oggi alle elezioni nazionali, a quale dei seguenti partiti darebbe il suo voto più probabilmente?",sondaggipoliticoelettorali.it
11/03/2026,16/03/2026,Swg,SWG S.p.A.,La7,Forza Italia / Tajani,8.0,8.39,95.4,1,"Se dovesse votare oggi alle elezioni nazionali, a quale dei seguenti partiti darebbe il suo voto più probabilmente?",sondaggipoliticoelettorali.it
11/03/2026,16/03/2026,Swg,SWG S.p.A.,La7,Lega / Salvini,6.6,6.92,95.4,1,"Se dovesse votare oggi alle elezioni nazionali, a quale dei seguenti partiti darebbe il suo voto più probabilmente?",sondaggipoliticoelettorali.it
11/03/2026,16/03/2026,Swg,SWG S.p.A.,La7,AVS / Fratoianni-Bonelli,6.6,6.92,95.4,1,"Se dovesse votare oggi alle elezioni nazionali, a quale dei seguenti partiti darebbe il suo voto più probabilmente?",sondaggipoliticoelettorali.it
11/03/2026,16/03/2026,Swg,SWG S.p.A.,La7,Azione / Calenda,3.5,3.67,95.4,1,"Se dovesse votare oggi alle elezioni nazionali, a quale dei seguenti partiti darebbe il suo voto più probabilmente?",sondaggipoliticoelettorali.it
11/03/2026,16/03/2026,Swg,SWG S.p.A.,La7,Futuro Nazionale / Vannacci,3.5,3.67,95.4,1,"Se dovesse votare oggi alle elezioni nazionali, a quale dei seguenti partiti darebbe il suo voto più probabilmente?",sondaggipoliticoelettorali.it
11/03/2026,16/03/2026,Swg,SWG S.p.A.,La7,Italia Viva / Renzi,2.3,2.41,95.4,1,"Se dovesse votare oggi alle elezioni nazionali, a quale dei seguenti partiti darebbe il suo voto più probabilmente?",sondaggipoliticoelettorali.it
11/03/2026,16/03/2026,Swg,SWG S.p.A.,La7,+Europa,1.5,1.57,95.4,1,"Se dovesse votare oggi alle elezioni nazionali, a quale dei seguenti partiti darebbe il suo voto più probabilmente?",sondaggipoliticoelettorali.it
04/03/2026,09/03/2026,Swg,SWG S.p.A.,La7,FdI / Meloni,29.4,30.75,95.6,1,"Se dovesse votare oggi alle elezioni nazionali, a quale dei seguenti partiti darebbe il suo voto più probabilmente?",sondaggipoliticoelettorali.it
04/03/2026,09/03/2026,Swg,SWG S.p.A.,La7,PD / Schlein,21.8,22.8,95.6,1,"Se dovesse votare oggi alle elezioni nazionali, a quale dei seguenti partiti darebbe il suo voto più probabilmente?",sondaggipoliticoelettorali.it
04/03/2026,09/03/2026,Swg,SWG S.p.A.,La7,M5S / Conte,12.0,12.55,95.6,1,"Se dovesse votare oggi alle elezioni nazionali, a quale dei seguenti partiti darebbe il suo voto più probabilmente?",sondaggipoliticoelettorali.it
04/03/2026,09/03/2026,Swg,SWG S.p.A.,La7,Forza Italia / Tajani,8.2,8.58,95.6,1,"Se dovesse votare oggi alle elezioni nazionali, a quale dei seguenti partiti darebbe il suo voto più probabilmente?",sondaggipoliticoelettorali.it
04/03/2026,09/03/2026,Swg,SWG S.p.A.,La7,AVS / Fratoianni-Bonelli,6.8,7.11,95.6,1,"Se dovesse votare oggi alle elezioni nazionali, a quale dei seguenti partiti darebbe il suo voto più probabilmente?",sondaggipoliticoelettorali.it
04/03/2026,09/03/2026,Swg,SWG S.p.A.,La7,Lega / Salvini,6.8,7.11,95.6,1,"Se dovesse votare oggi alle elezioni nazionali, a quale dei seguenti partiti darebbe il suo voto più probabilmente?",sondaggipoliticoelettorali.it
04/03/2026,09/03/2026,Swg,SWG S.p.A.,La7,Futuro Nazionale / Vannacci,3.4,3.56,95.6,1,"Se dovesse votare oggi alle elezioni nazionali, a quale dei seguenti partiti darebbe il suo voto più probabilmente?",sondaggipoliticoelettorali.it
04/03/2026,09/03/2026,Swg,SWG S.p.A.,La7,Azione / Calenda,3.3,3.45,95.6,1,"Se dovesse votare oggi alle elezioni nazionali, a quale dei seguenti partiti darebbe il suo voto più probabilmente?",sondaggipoliticoelettorali.it
04/03/2026,09/03/2026,Swg,SWG S.p.A.,La7,Italia Viva / Renzi,2.4,2.51,95.6,1,"Se dovesse votare oggi alle elezioni nazionali, a quale dei seguenti partiti darebbe il suo voto più probabilmente?",sondaggipoliticoelettorali.it
04/03/2026,09/03/2026,Swg,SWG S.p.A.,La7,+Europa,1.5,1.57,95.6,1,"Se dovesse votare oggi alle elezioni nazionali, a quale dei seguenti partiti darebbe il suo voto più probabilmente?",sondaggipoliticoelettorali.it
25/02/2026,02/03/2026,Swg,SWG S.p.A.,La7,FdI / Meloni,29.8,31.17,95.6,1,"Se dovesse votare oggi alle elezioni nazionali, a quale dei seguenti partiti darebbe il suo voto più probabilmente?",sondaggipoliticoelettorali.it
25/02/2026,02/03/2026,Swg,SWG S.p.A.,La7,PD / Schlein,21.6,22.59,95.6,1,"Se dovesse votare oggi alle elezioni nazionali, a quale dei seguenti partiti darebbe il suo voto più probabilmente?",sondaggipoliticoelettorali.it
25/02/2026,02/03/2026,Swg,SWG S.p.A.,La7,M5S / Conte,11.7,12.24,95.6,1,"Se dovesse votare oggi alle elezioni nazionali, a quale dei seguenti partiti darebbe il suo voto più probabilmente?",sondaggipoliticoelettorali.it
25/02/2026,02/03/2026,Swg,SWG S.p.A.,La7,Forza Italia / Tajani,8.4,8.79,95.6,1,"Se dovesse votare oggi alle elezioni nazionali, a quale dei seguenti partiti darebbe il suo voto più probabilmente?",sondaggipoliticoelettorali.it
25/02/2026,02/03/2026,Swg,SWG S.p.A.,La7,AVS / Fratoianni-Bonelli,6.9,7.22,95.6,1,"Se dovesse votare oggi alle elezioni nazionali, a quale dei seguenti partiti darebbe il suo voto più probabilmente?",sondaggipoliticoelettorali.it
25/02/2026,02/03/2026,Swg,SWG S.p.A.,La7,Lega / Salvini,6.6,6.9,95.6,1,"Se dovesse votare oggi alle elezioni nazionali, a quale dei seguenti partiti darebbe il suo voto più probabilmente?",sondaggipoliticoelettorali.it
25/02/2026,02/03/2026,Swg,SWG S.p.A.,La7,Futuro Nazionale / Vannacci,3.6,3.77,95.6,1,"Se dovesse votare oggi alle elezioni nazionali, a quale dei seguenti partiti darebbe il suo voto più probabilmente?",sondaggipoliticoelettorali.it
25/02/2026,02/03/2026,Swg,SWG S.p.A.,La7,Azione / Calenda,3.3,3.45,95.6,1,"Se dovesse votare oggi alle elezioni nazionali, a quale dei seguenti partiti darebbe il suo voto più probabilmente?",sondaggipoliticoelettorali.it
25/02/2026,02/03/2026,Swg,SWG S.p.A.,La7,Italia Viva / Renzi,2.2,2.3,95.6,1,"Se dovesse votare oggi alle elezioni nazionali, a quale dei seguenti partiti darebbe il suo voto più probabilmente?",sondaggipoliticoelettorali.it
25/02/2026,02/03/2026,Swg,SWG S.p.A.,La7,+Europa,1.5,1.57,95.6,1,"Se dovesse votare oggi alle elezioni nazionali, a quale dei seguenti partiti darebbe il suo voto più probabilmente?",sondaggipoliticoelettorali.it
18/02/2026,23/02/2026,Swg,SWG S.p.A.,La7,FdI / Meloni,29.8,31.27,95.3,1,"Se dovesse votare oggi alle elezioni nazionali, a quale dei seguenti partiti darebbe il suo voto più probabilmente?",sondaggipoliticoelettorali.it
18/02/2026,23/02/2026,Swg,SWG S.p.A.,La7,PD / Schlein,21.9,22.98,95.3,1,"Se dovesse votare oggi alle elezioni nazionali, a quale dei seguenti partiti darebbe il suo voto più probabilmente?",sondaggipoliticoelettorali.it
18/02/2026,23/02/2026,Swg,SWG S.p.A.,La7,M5S / Conte,11.5,12.07,95.3,1,"Se dovesse votare oggi alle elezioni nazionali, a quale dei seguenti partiti darebbe il suo voto più probabilmente?",sondaggipoliticoelettorali.it
18/02/2026,23/02/2026,Swg,SWG S.p.A.,La7,Forza Italia / Tajani,8.3,8.71,95.3,1,"Se dovesse votare oggi alle elezioni nazionali, a quale dei seguenti partiti darebbe il suo voto più probabilmente?",sondaggipoliticoelettorali.it
18/02/2026,23/02/2026,Swg,SWG S.p.A.,La7,AVS / Fratoianni-Bonelli,6.7,7.03,95.3,1,"Se dovesse votare oggi alle elezioni nazionali, a quale dei seguenti partiti darebbe il suo voto più probabilmente?",sondaggipoliticoelettorali.it
18/02/2026,23/02/2026,Swg,SWG S.p.A.,La7,Lega / Salvini,6.6,6.93,95.3,1,"Se dovesse votare oggi alle elezioni nazionali, a quale dei seguenti partiti darebbe il suo voto più probabilmente?",sondaggipoliticoelettorali.it
18/02/2026,23/02/2026,Swg,SWG S.p.A.,La7,Azione / Calenda,3.5,3.67,95.3,1,"Se dovesse votare oggi alle elezioni nazionali, a quale dei seguenti partiti darebbe il suo voto più probabilmente?",sondaggipoliticoelettorali.it
18/02/2026,23/02/2026,Swg,SWG S.p.A.,La7,Futuro Nazionale / Vannacci,3.4,3.57,95.3,1,"Se dovesse votare oggi alle elezioni nazionali, a quale dei seguenti partiti darebbe il suo voto più probabilmente?",sondaggipoliticoelettorali.it
18/02/2026,23/02/2026,Swg,SWG S.p.A.,La7,Italia Viva / Renzi,2.2,2.31,95.3,1,"Se dovesse votare oggi alle elezioni nazionali, a quale dei seguenti partiti darebbe il suo voto più probabilmente?",sondaggipoliticoelettorali.it
18/02/2026,23/02/2026,Swg,SWG S.p.A.,La7,+Europa,1.4,1.47,95.3,1,"Se dovesse votare oggi alle elezioni nazionali, a quale dei seguenti partiti darebbe il suo voto più probabilmente?",sondaggipoliticoelettorali.it
11/02/2026,16/02/2026,Swg,SWG S.p.A.,La7,FdI / Meloni,29.8,31.17,95.6,1,"Se dovesse votare oggi alle elezioni nazionali, a quale dei seguenti partiti darebbe il suo voto più probabilmente?",sondaggipoliticoelettorali.it
11/02/2026,16/02/2026,Swg,SWG S.p.A.,La7,PD / Schlein,22.0,23.01,95.6,1,"Se dovesse votare oggi alle elezioni nazionali, a quale dei seguenti partiti darebbe il suo voto più probabilmente?",sondaggipoliticoelettorali.it
11/02/2026,16/02/2026,Swg,SWG S.p.A.,La7,M5S / Conte,11.8,12.34,95.6,1,"Se dovesse votare oggi alle elezioni nazionali, a quale dei seguenti partiti darebbe il suo voto più probabilmente?",sondaggipoliticoelettorali.it
11/02/2026,16/02/2026,Swg,SWG S.p.A.,La7,Forza Italia / Tajani,8.4,8.79,95.6,1,"Se dovesse votare oggi alle elezioni nazionali, a quale dei seguenti partiti darebbe il suo voto più probabilmente?",sondaggipoliticoelettorali.it
11/02/2026,16/02/2026,Swg,SWG S.p.A.,La7,AVS / Fratoianni-Bonelli,6.6,6.9,95.6,1,"Se dovesse votare oggi alle elezioni nazionali, a quale dei seguenti partiti darebbe il suo voto più probabilmente?",sondaggipoliticoelettorali.it
11/02/2026,16/02/2026,Swg,SWG S.p.A.,La7,Lega / Salvini,6.4,6.69,95.6,1,"Se dovesse votare oggi alle elezioni nazionali, a quale dei seguenti partiti darebbe il suo voto più probabilmente?",sondaggipoliticoelettorali.it
11/02/2026,16/02/2026,Swg,SWG S.p.A.,La7,Futuro Nazionale / Vannacci,3.6,3.77,95.6,1,"Se dovesse votare oggi alle elezioni nazionali, a quale dei seguenti partiti darebbe il suo voto più probabilmente?",sondaggipoliticoelettorali.it
11/02/2026,16/02/2026,Swg,SWG S.p.A.,La7,Azione / Calenda,3.3,3.45,95.6,1,"Se dovesse votare oggi alle elezioni nazionali, a quale dei seguenti partiti darebbe il suo voto più probabilmente?",sondaggipoliticoelettorali.it
11/02/2026,16/02/2026,Swg,SWG S.p.A.,La7,Italia Viva / Renzi,2.3,2.41,95.6,1,"Se dovesse votare oggi alle elezioni nazionali, a quale dei seguenti partiti darebbe il suo voto più probabilmente?",sondaggipoliticoelettorali.it
11/02/2026,16/02/2026,Swg,SWG S.p.A.,La7,+Europa,1.4,1.46,95.6,1,"Se dovesse votare oggi alle elezioni nazionali, a quale dei seguenti partiti darebbe il suo voto più probabilmente?",sondaggipoliticoelettorali.it
04/02/2026,09/02/2026,Swg,SWG S.p.A.,La7,FdI / Meloni,30.1,31.52,95.5,1,"Se dovesse votare oggi alle elezioni nazionali, a quale dei seguenti partiti darebbe il suo voto più probabilmente?",sondaggipoliticoelettorali.it
04/02/2026,09/02/2026,Swg,SWG S.p.A.,La7,PD / Schlein,22.2,23.25,95.5,1,"Se dovesse votare oggi alle elezioni nazionali, a quale dei seguenti partiti darebbe il suo voto più probabilmente?",sondaggipoliticoelettorali.it
04/02/2026,09/02/2026,Swg,SWG S.p.A.,La7,M5S / Conte,11.7,12.25,95.5,1,"Se dovesse votare oggi alle elezioni nazionali, a quale dei seguenti partiti darebbe il suo voto più probabilmente?",sondaggipoliticoelettorali.it
04/02/2026,09/02/2026,Swg,SWG S.p.A.,La7,Forza Italia / Tajani,8.4,8.8,95.5,1,"Se dovesse votare oggi alle elezioni nazionali, a quale dei seguenti partiti darebbe il suo voto più probabilmente?",sondaggipoliticoelettorali.it
04/02/2026,09/02/2026,Swg,SWG S.p.A.,La7,Lega / Salvini,6.6,6.91,95.5,1,"Se dovesse votare oggi alle elezioni nazionali, a quale dei seguenti partiti darebbe il suo voto più probabilmente?",sondaggipoliticoelettorali.it
04/02/2026,09/02/2026,Swg,SWG S.p.A.,La7,AVS / Fratoianni-Bonelli,6.4,6.7,95.5,1,"Se dovesse votare oggi alle elezioni nazionali, a quale dei seguenti partiti darebbe il suo voto più probabilmente?",sondaggipoliticoelettorali.it
04/02/2026,09/02/2026,Swg,SWG S.p.A.,La7,Futuro Nazionale / Vannacci,3.3,3.46,95.5,1,"Se dovesse votare oggi alle elezioni nazionali, a quale dei seguenti partiti darebbe il suo voto più probabilmente?",sondaggipoliticoelettorali.it
04/02/2026,09/02/2026,Swg,SWG S.p.A.,La7,Azione / Calenda,3.1,3.25,95.5,1,"Se dovesse votare oggi alle elezioni nazionali, a quale dei seguenti partiti darebbe il suo voto più probabilmente?",sondaggipoliticoelettorali.it
04/02/2026,09/02/2026,Swg,SWG S.p.A.,La7,Italia Viva / Renzi,2.2,2.3,95.5,1,"Se dovesse votare oggi alle elezioni nazionali, a quale dei seguenti partiti darebbe il suo voto più probabilmente?",sondaggipoliticoelettorali.it
04/02/2026,09/02/2026,Swg,SWG S.p.A.,La7,+Europa,1.5,1.57,95.5,1,"Se dovesse votare oggi alle elezioni nazionali, a quale dei seguenti partiti darebbe il suo voto più probabilmente?",sondaggipoliticoelettorali.it
28/01/2026,02/02/2026,Swg,SWG S.p.A.,La7,FdI / Meloni,31.3,32.98,94.9,1,"Se dovesse votare oggi alle elezioni nazionali, a quale dei seguenti partiti darebbe il suo voto più probabilmente?",sondaggipoliticoelettorali.it
28/01/2026,02/02/2026,Swg,SWG S.p.A.,La7,PD / Schlein,22.5,23.71,94.9,1,"Se dovesse votare oggi alle elezioni nazionali, a quale dei seguenti partiti darebbe il suo voto più probabilmente?",sondaggipoliticoelettorali.it
28/01/2026,02/02/2026,Swg,SWG S.p.A.,La7,M5S / Conte,12.0,12.64,94.9,1,"Se dovesse votare oggi alle elezioni nazionali, a quale dei seguenti partiti darebbe il suo voto più probabilmente?",sondaggipoliticoelettorali.it
28/01/2026,02/02/2026,Swg,SWG S.p.A.,La7,Forza Italia / Tajani,8.2,8.64,94.9,1,"Se dovesse votare oggi alle elezioni nazionali, a quale dei seguenti partiti darebbe il suo voto più probabilmente?",sondaggipoliticoelettorali.it
28/01/2026,02/02/2026,Swg,SWG S.p.A.,La7,Lega / Salvini,7.7,8.11,94.9,1,"Se dovesse votare oggi alle elezioni nazionali, a quale dei seguenti partiti darebbe il suo voto più probabilmente?",sondaggipoliticoelettorali.it
28/01/2026,02/02/2026,Swg,SWG S.p.A.,La7,AVS / Fratoianni-Bonelli,6.5,6.85,94.9,1,"Se dovesse votare oggi alle elezioni nazionali, a quale dei seguenti partiti darebbe il suo voto più probabilmente?",sondaggipoliticoelettorali.it
28/01/2026,02/02/2026,Swg,SWG S.p.A.,La7,Azione / Calenda,3.1,3.27,94.9,1,"Se dovesse votare oggi alle elezioni nazionali, a quale dei seguenti partiti darebbe il suo voto più probabilmente?",sondaggipoliticoelettorali.it
28/01/2026,02/02/2026,Swg,SWG S.p.A.,La7,Italia Viva / Renzi,2.2,2.32,94.9,1,"Se dovesse votare oggi alle elezioni nazionali, a quale dei seguenti partiti darebbe il suo voto più probabilmente?",sondaggipoliticoelettorali.it
28/01/2026,02/02/2026,Swg,SWG S.p.A.,La7,+Europa,1.4,1.48,94.9,1,"Se dovesse votare oggi alle elezioni nazionali, a quale dei seguenti partiti darebbe il suo voto più probabilmente?",sondaggipoliticoelettorali.it
21/01/2026,26/01/2026,Swg,SWG S.p.A.,La7,FdI / Meloni,31.2,32.84,95.0,1,"Se dovesse votare oggi alle elezioni nazionali, a quale dei seguenti partiti darebbe il suo voto più probabilmente?",sondaggipoliticoelettorali.it
21/01/2026,26/01/2026,Swg,SWG S.p.A.,La7,PD / Schlein,22.6,23.79,95.0,1,"Se dovesse votare oggi alle elezioni nazionali, a quale dei seguenti partiti darebbe il suo voto più probabilmente?",sondaggipoliticoelettorali.it
21/01/2026,26/01/2026,Swg,SWG S.p.A.,La7,M5S / Conte,12.1,12.74,95.0,1,"Se dovesse votare oggi alle elezioni nazionali, a quale dei seguenti partiti darebbe il suo voto più probabilmente?",sondaggipoliticoelettorali.it
21/01/2026,26/01/2026,Swg,SWG S.p.A.,La7,Forza Italia / Tajani,8.2,8.63,95.0,1,"Se dovesse votare oggi alle elezioni nazionali, a quale dei seguenti partiti darebbe il suo voto più probabilmente?",sondaggipoliticoelettorali.it
21/01/2026,26/01/2026,Swg,SWG S.p.A.,La7,Lega / Salvini,8.0,8.42,95.0,1,"Se dovesse votare oggi alle elezioni nazionali, a quale dei seguenti partiti darebbe il suo voto più probabilmente?",sondaggipoliticoelettorali.it
21/01/2026,26/01/2026,Swg,SWG S.p.A.,La7,AVS / Fratoianni-Bonelli,6.6,6.95,95.0,1,"Se dovesse votare oggi alle elezioni nazionali, a quale dei seguenti partiti darebbe il suo voto più probabilmente?",sondaggipoliticoelettorali.it
21/01/2026,26/01/2026,Swg,SWG S.p.A.,La7,Azione / Calenda,3.0,3.16,95.0,1,"Se dovesse votare oggi alle elezioni nazionali, a quale dei seguenti partiti darebbe il suo voto più probabilmente?",sondaggipoliticoelettorali.it
21/01/2026,26/01/2026,Swg,SWG S.p.A.,La7,Italia Viva / Renzi,2.0,2.11,95.0,1,"Se dovesse votare oggi alle elezioni nazionali, a quale dei seguenti partiti darebbe il suo voto più probabilmente?",sondaggipoliticoelettorali.it
21/01/2026,26/01/2026,Swg,SWG S.p.A.,La7,+Europa,1.3,1.37,95.0,1,"Se dovesse votare oggi alle elezioni nazionali, a quale dei seguenti partiti darebbe il suo voto più probabilmente?",sondaggipoliticoelettorali.it
14/01/2026,19/01/2026,Swg,SWG S.p.A.,La7,FdI / Meloni,31.1,32.81,94.8,1,"Se dovesse votare oggi alle elezioni nazionali, a quale dei seguenti partiti darebbe il suo voto più probabilmente?",sondaggipoliticoelettorali.it
14/01/2026,19/01/2026,Swg,SWG S.p.A.,La7,PD / Schlein,22.4,23.63,94.8,1,"Se dovesse votare oggi alle elezioni nazionali, a quale dei seguenti partiti darebbe il suo voto più probabilmente?",sondaggipoliticoelettorali.it
14/01/2026,19/01/2026,Swg,SWG S.p.A.,La7,M5S / Conte,12.4,13.08,94.8,1,"Se dovesse votare oggi alle elezioni nazionali, a quale dei seguenti partiti darebbe il suo voto più probabilmente?",sondaggipoliticoelettorali.it
14/01/2026,19/01/2026,Swg,SWG S.p.A.,La7,Forza Italia / Tajani,8.4,8.86,94.8,1,"Se dovesse votare oggi alle elezioni nazionali, a quale dei seguenti partiti darebbe il suo voto più probabilmente?",sondaggipoliticoelettorali.it
14/01/2026,19/01/2026,Swg,SWG S.p.A.,La7,Lega / Salvini,8.0,8.44,94.8,1,"Se dovesse votare oggi alle elezioni nazionali, a quale dei seguenti partiti darebbe il suo voto più probabilmente?",sondaggipoliticoelettorali.it
14/01/2026,19/01/2026,Swg,SWG S.p.A.,La7,AVS / Fratoianni-Bonelli,6.4,6.75,94.8,1,"Se dovesse votare oggi alle elezioni nazionali, a quale dei seguenti partiti darebbe il suo voto più probabilmente?",sondaggipoliticoelettorali.it
14/01/2026,19/01/2026,Swg,SWG S.p.A.,La7,Azione / Calenda,2.8,2.95,94.8,1,"Se dovesse votare oggi alle elezioni nazionali, a quale dei seguenti partiti darebbe il suo voto più probabilmente?",sondaggipoliticoelettorali.it
14/01/2026,19/01/2026,Swg,SWG S.p.A.,La7,Italia Viva / Renzi,2.0,2.11,94.8,1,"Se dovesse votare oggi alle elezioni nazionali, a quale dei seguenti partiti darebbe il suo voto più probabilmente?",sondaggipoliticoelettorali.it
14/01/2026,19/01/2026,Swg,SWG S.p.A.,La7,+Europa,1.3,1.37,94.8,1,"Se dovesse votare oggi alle elezioni nazionali, a quale dei seguenti partiti darebbe il suo voto più probabilmente?",sondaggipoliticoelettorali.it
07/01/2026,12/01/2026,Swg,SWG s.p.A,La7,FdI / Meloni,30.9,32.39,95.4,1,"Se dovesse votare oggi alle elezioni nazionali, a quale dei seguenti partiti darebbe il suo voto più probabilmente?",sondaggipoliticoelettorali.it
07/01/2026,12/01/2026,Swg,SWG s.p.A,La7,PD / Schlein,22.3,23.38,95.4,1,"Se dovesse votare oggi alle elezioni nazionali, a quale dei seguenti partiti darebbe il suo voto più probabilmente?",sondaggipoliticoelettorali.it
07/01/2026,12/01/2026,Swg,SWG s.p.A,La7,M5S / Conte,12.7,13.31,95.4,1,"Se dovesse votare oggi alle elezioni nazionali, a quale dei seguenti partiti darebbe il suo voto più probabilmente?",sondaggipoliticoelettorali.it
07/01/2026,12/01/2026,Swg,SWG s.p.A,La7,Lega / Salvini,8.3,8.7,95.4,1,"Se dovesse votare oggi alle elezioni nazionali, a quale dei seguenti partiti darebbe il suo voto più probabilmente?",sondaggipoliticoelettorali.it
07/01/2026,12/01/2026,Swg,SWG s.p.A,La7,Forza Italia / Tajani,8.3,8.7,95.4,1,"Se dovesse votare oggi alle elezioni nazionali, a quale dei seguenti partiti darebbe il suo voto più probabilmente?",sondaggipoliticoelettorali.it
07/01/2026,12/01/2026,Swg,SWG s.p.A,La7,AVS / Fratoianni-Bonelli,6.5,6.81,95.4,1,"Se dovesse votare oggi alle elezioni nazionali, a quale dei seguenti partiti darebbe il suo voto più probabilmente?",sondaggipoliticoelettorali.it
07/01/2026,12/01/2026,Swg,SWG s.p.A,La7,Azione / Calenda,2.9,3.04,95.4,1,"Se dovesse votare oggi alle elezioni nazionali, a quale dei seguenti partiti darebbe il suo voto più probabilmente?",sondaggipoliticoelettorali.it
07/01/2026,12/01/2026,Swg,SWG s.p.A,La7,Italia Viva / Renzi,2.2,2.31,95.4,1,"Se dovesse votare oggi alle elezioni nazionali, a quale dei seguenti partiti darebbe il suo voto più probabilmente?",sondaggipoliticoelettorali.it
07/01/2026,12/01/2026,Swg,SWG s.p.A,La7,+Europa,1.3,1.36,95.4,1,"Se dovesse votare oggi alle elezioni nazionali, a quale dei seguenti partiti darebbe il suo voto più probabilmente?",sondaggipoliticoelettorali.it
